File,LOC,SLOC-P,SLOC-L,MVG,BLOC,C&SLOC,CLOC,CWORD,HCLOC,HCWORD
C:\Users\thede_000\Desktop\allcode\CreateObjectsOnDestroy.cs,79,63,35,10,12,1,4,16,0,1
C:\Users\thede_000\Desktop\allcode\DestroyAfterTime.cs,20,12,6,0,3,1,5,20,0,1
C:\Users\thede_000\Desktop\allcode\LockTo.cs,31,19,12,0,6,1,6,24,0,1
C:\Users\thede_000\Desktop\allcode\MessageManager.cs,43,28,15,1,9,1,6,24,0,1
C:\Users\thede_000\Desktop\allcode\MeteorLogic.cs,46,27,17,2,10,1,9,43,0,1
C:\Users\thede_000\Desktop\allcode\MinimizeTest.cs,26,12,5,0,6,1,8,29,0,1
C:\Users\thede_000\Desktop\allcode\Move.cs,28,16,9,0,6,1,6,24,0,1
C:\Users\thede_000\Desktop\allcode\ParticleAttractor.cs,33,15,8,0,7,1,11,42,0,1
C:\Users\thede_000\Desktop\allcode\pest_audio.cs,87,61,38,3,19,1,7,30,0,1
C:\Users\thede_000\Desktop\allcode\Player1Data.cs,72,43,23,1,9,4,20,68,0,1
C:\Users\thede_000\Desktop\allcode\PlayerController.cs,402,218,153,16,67,5,117,580,0,1
C:\Users\thede_000\Desktop\allcode\PopulatePlanet.cs,112,78,44,5,17,1,17,98,0,1
C:\Users\thede_000\Desktop\allcode\raider_audio.cs,93,77,48,6,10,1,6,26,0,1
C:\Users\thede_000\Desktop\allcode\SpawnObjectsAfterTime.cs,46,33,17,2,7,1,6,25,0,1
C:\Users\thede_000\Desktop\allcode\SphericalCoords.cs,65,47,35,1,12,1,6,33,0,1
C:\Users\thede_000\Desktop\allcode\StressManager.cs,45,27,15,4,11,1,7,26,0,1
C:\Users\thede_000\Desktop\allcode\TempStartGame.cs,27,15,7,1,6,1,6,26,0,1
C:\Users\thede_000\Desktop\allcode\AI\AI_Base.cs,402,299,206,66,50,1,53,206,0,1
C:\Users\thede_000\Desktop\allcode\AI\BehaviorChase.cs,166,127,85,20,24,1,15,57,0,1
C:\Users\thede_000\Desktop\allcode\AI\BehaviorExample.cs,172,104,62,22,32,4,36,99,0,1
C:\Users\thede_000\Desktop\allcode\AI\BehaviorFlee.cs,177,142,90,27,27,1,8,34,0,1
C:\Users\thede_000\Desktop\allcode\AI\EnemyMovement.cs,192,141,105,19,29,1,22,109,0,1
C:\Users\thede_000\Desktop\allcode\AI\EnemyShoot.cs,48,31,23,1,9,2,8,50,0,1
C:\Users\thede_000\Desktop\allcode\CameraSystem\CameraAnchor.cs,29,16,7,0,7,1,6,26,0,1
C:\Users\thede_000\Desktop\allcode\CameraSystem\CameraController.cs,100,42,30,0,25,4,33,216,0,1
C:\Users\thede_000\Desktop\allcode\CameraSystem\CameraSystem.cs,77,56,33,2,13,1,8,78,0,1
C:\Users\thede_000\Desktop\allcode\CameraSystem\CamRodTest.cs,74,40,27,3,14,1,20,93,0,1
C:\Users\thede_000\Desktop\allcode\CameraSystem\ForceCylinder.cs,257,185,125,30,49,15,23,297,0,1
C:\Users\thede_000\Desktop\allcode\CameraSystem\ForceSphere.cs,136,96,57,15,22,1,18,162,0,1
C:\Users\thede_000\Desktop\allcode\CameraSystem\WorldAnchor.cs,27,14,6,0,7,1,6,26,0,1
C:\Users\thede_000\Desktop\allcode\EventSystem\EventCallCheat.cs,42,30,22,2,7,2,5,23,0,1
C:\Users\thede_000\Desktop\allcode\EventSystem\EventManager.cs,172,120,90,8,25,2,27,87,0,1
C:\Users\thede_000\Desktop\allcode\EventSystem\EventMeteorShower.cs,106,79,65,6,17,1,10,33,0,1
C:\Users\thede_000\Desktop\allcode\EventSystem\EventRaiders.cs,170,125,104,11,30,0,15,58,0,0
C:\Users\thede_000\Desktop\allcode\GameplayMechanics\BasicController.cs,148,103,73,6,22,3,23,190,0,1
C:\Users\thede_000\Desktop\allcode\GameplayMechanics\Bullet.cs,185,119,63,11,27,8,39,306,0,1
C:\Users\thede_000\Desktop\allcode\GameplayMechanics\DamageEffects.cs,227,120,55,11,22,4,85,224,0,1
C:\Users\thede_000\Desktop\allcode\GameplayMechanics\Health.cs,176,102,54,16,18,4,56,216,0,1
C:\Users\thede_000\Desktop\allcode\GameplayMechanics\RespectPlanetoid.cs,125,82,38,4,17,4,26,89,0,1
C:\Users\thede_000\Desktop\allcode\GameplayMechanics\ScriptTester_HP.cs,55,39,18,4,8,4,8,37,0,1
C:\Users\thede_000\Desktop\allcode\GameplayMechanics\Shoot.cs,124,79,49,7,16,2,29,102,0,1
C:\Users\thede_000\Desktop\allcode\GameplayMechanics\SuctionTarget.cs,95,54,26,3,12,4,29,87,0,1
C:\Users\thede_000\Desktop\allcode\GameplayMechanics\Vacuum.cs,211,127,68,11,26,4,58,185,0,1
C:\Users\thede_000\Desktop\allcode\GameplayMechanics\VacuumCollider.cs,52,28,11,3,8,4,16,57,0,1
C:\Users\thede_000\Desktop\allcode\LevelSettings\CameraShake.cs,37,23,8,0,4,4,10,41,0,1
C:\Users\thede_000\Desktop\allcode\LevelSettings\HUD.cs,256,171,111,15,30,4,55,160,0,1
C:\Users\thede_000\Desktop\allcode\LevelSettings\InGameMessageSystem.cs,53,28,15,0,6,4,19,51,0,1
C:\Users\thede_000\Desktop\allcode\LevelSettings\PauseSystem.cs,206,137,80,11,16,4,53,123,0,1
C:\Users\thede_000\Desktop\allcode\LevelSettings\StartGameCountdown.cs,126,89,49,9,13,4,24,91,0,1
C:\Users\thede_000\Desktop\allcode\MenuScripts\ButtonController.cs,145,98,56,17,17,4,30,90,0,1
C:\Users\thede_000\Desktop\allcode\MenuScripts\CreditsScroller.cs,46,29,14,0,6,4,11,43,0,1
C:\Users\thede_000\Desktop\allcode\MenuScripts\DestructiveConfirmation.cs,34,17,8,0,8,4,9,43,0,1
C:\Users\thede_000\Desktop\allcode\MenuScripts\MenuController.cs,160,91,45,1,19,4,50,152,0,1
C:\Users\thede_000\Desktop\allcode\MenuScripts\MenuSwitcher.cs,101,62,38,5,14,4,25,62,0,1
C:\Users\thede_000\Desktop\allcode\PickUps\PickUp.cs,284,174,91,10,29,4,81,260,0,1
